{"voxel_size": 0.0025614500045776367, "block_size": 30, "grid_width": 480, "grid_height": 480, "grid_depth": 480, "atlas_width": 1024, "atlas_height": 1024, "atlas_depth": 32, "min_x": -1, "min_y": -1, "min_z": -1, "atlas_blocks_x": 32, "atlas_blocks_y": 32, "atlas_blocks_z": 1, "worldspace_T_opengl": [[-1, 0, 0, 0], [0, 0, 1, 0], [0, 1, 0, 0], [0, 0, 0, 1]], "ndc": false, "box_min_max": [[-0.6147476915153339, -0.6147476915153339, -0.49483887881415023], [0.6147476915153339, 0.6136166840516599, 0.49483887881415023]], "format": "png", "num_slices": 8}